Date,UJVNL Generation,Central Share & VP Share,Energy Availability in UK,Gross Energy Demand in UK,Energy Surplus/Shortage,IEX/PXIL Drawl,Banking Power to/from Other States,Planned/Emergency Rostering,Energy Overdrawl/Underdrawl,U.I. Rate (Rs.),Appx. Amount (Crores)
01-Jan-23,10.725,14.859,25.584,41.26,-15.676,4.054,11.703,0.362,-0.443,1.07,-0.05
02-Jan-23,10.65,15.458,26.108,42.322,-16.214,2.414,14.009,0.439,-0.648,1.78,-0.12
03-Jan-23,10.526,15.78,26.306,44.571,-18.265,5.213,11.941,0.713,0.398,2.2,0.09
04-Jan-23,10.795,15.956,26.751,45.678,-18.927,4.262,12.742,0.928,0.995,1.42,0.14
05-Jan-23,10.815,15.838,26.653,46.701,-20.048,4.668,12.351,2.101,0.928,1.99,0.18
06-Jan-23,10.867,15.725,26.592,47.3,-20.708,4.315,11.852,3.557,0.984,3.03,0.3
07-Jan-23,10.777,15.629,26.406,45.927,-19.521,4.69,12.11,2.576,0.145,2.41,0.03
08-Jan-23,10.287,15.456,25.743,43.935,-18.192,4.718,12.086,0.706,0.682,1.42,0.1
09-Jan-23,11.288,15.393,26.681,44.943,-18.262,4.218,12.103,2.336,-0.395,3.03,-0.12
10-Jan-23,11.571,15.001,26.572,45.057,-18.485,3.711,11.359,3.434,-0.019,1.99,0
11-Jan-23,11.179,15.158,26.337,47.039,-20.702,3.086,12.718,4.39,0.508,1.99,0.1
12-Jan-23,11.42,15.769,27.189,45.133,-17.944,3.655,12.323,2.843,-0.877,1.42,-0.12
13-Jan-23,11.022,19.408,30.43,44.173,-13.743,1.323,11.757,1.307,-0.644,2.2,-0.14
14-Jan-23,11.636,19.912,31.548,44.114,-12.566,0.43,11.62,0.7,-0.184,1.07,-0.02
15-Jan-23,11.671,19.814,31.485,42.119,-10.634,-0.687,11.376,0.202,-0.257,0.36,-0.01
16-Jan-23,11.215,19.504,30.719,44.118,-13.399,0.789,12.292,0.222,0.096,0.36,0
17-Jan-23,10.965,19.456,30.421,45.114,-14.693,2.445,12.001,0.129,0.118,1.42,0.02
18-Jan-23,10.266,20.029,30.295,45.285,-14.99,2.6,12.01,0.438,-0.058,1.99,-0.01
19-Jan-23,10.515,20.215,30.73,46.817,-16.087,2.597,11.674,1.526,0.29,2.2,0.06
20-Jan-23,10.641,19.932,30.573,43.691,-13.118,2.131,11.246,1.603,-1.862,2.82,-0.53
21-Jan-23,11.117,20.166,31.283,44.113,-12.83,-0.325,12.51,0.916,-0.271,1.42,-0.04
22-Jan-23,10.719,19.984,30.703,40.494,-9.791,-0.298,10.574,0.171,-0.656,1.42,-0.09
23-Jan-23,9.76,20.595,30.355,42.331,-11.976,0.038,12.103,0.501,-0.666,0.71,-0.05
24-Jan-23,8.175,20.354,28.529,42.515,-13.986,2.466,12.042,0.678,-1.2,2.2,-0.26
25-Jan-23,8.005,20.496,28.501,42.153,-13.652,1.994,11.898,0.13,-0.37,1.07,-0.04
26-Jan-23,8.938,17.651,26.589,35.56,-8.971,-2.713,11.99,0.272,-0.578,1.78,-0.1
27-Jan-23,8.188,19.231,27.419,39.964,-12.545,0.065,12.86,0.095,-0.475,1.07,-0.05
28-Jan-23,8.292,18.222,26.514,41.848,-15.334,3.673,12.22,0.03,-0.589,1.99,-0.12
29-Jan-23,8.241,18.882,27.123,40.82,-13.697,2.964,11.541,0.127,-0.935,1.78,-0.17
30-Jan-23,8.603,19.113,27.716,40.963,-13.247,1.418,11.929,0.504,-0.604,1.99,-0.12
31-Jan-23,10.188,19.082,29.27,41.763,-12.493,1.806,10.992,0.4,-0.705,1.78,-0.13
01-Mar-23,10.205,15.538,25.743,39.215,-13.472,6.292,6.121,1.306,-0.247,1.07,-0.03
02-Mar-23,8.189,15.356,23.545,39.079,-15.534,6.217,7.26,1.561,0.496,1.42,0.07
03-Mar-23,8.223,17.041,25.264,39.839,-14.575,3.057,9.962,1.357,0.199,1.42,0.03
04-Mar-23,8.066,17.737,25.803,39.622,-13.819,6.081,6.987,1.227,-0.476,1.78,-0.08
05-Mar-23,8.02,18.102,26.122,37.968,-11.846,4.307,6.463,0.573,0.503,1.07,0.05
06-Mar-23,7.518,17.153,24.671,38.582,-13.911,5.634,6.776,1.115,0.386,1.07,0.04
07-Mar-23,7.621,16.828,24.449,36.214,-11.765,4.825,7.14,0.315,-0.515,1.99,-0.1
08-Mar-23,7.602,16.284,23.886,26.327,-2.441,3.169,0.041,0,-0.769,1.07,-0.08
09-Mar-23,7.743,16.905,24.648,30.58,-5.932,5.687,0.703,0.152,-0.61,1.42,-0.09
10-Mar-23,8.01,16.929,24.939,36.995,-12.056,5.398,6.035,0.424,0.199,1.99,0.04
11-Mar-23,7.784,17.358,25.142,38.276,-13.134,6.364,6.605,0.212,-0.047,1.99,-0.01
12-Mar-23,7.809,18.187,25.996,36.85,-10.854,4.806,6.202,0,-0.154,1.99,-0.03
13-Mar-23,7.832,17.934,25.766,38.778,-13.012,6.094,6.425,0.176,0.317,1.78,0.06
14-Mar-23,8.604,17.968,26.572,39.906,-13.334,6.333,6.767,0.34,-0.106,1.42,-0.02
15-Mar-23,7.961,18.321,26.282,40.046,-13.764,6.723,6.944,0.241,-0.144,1.99,-0.03
16-Mar-23,7.772,18.628,26.4,40.356,-13.956,8.096,5.498,0.099,0.263,1.07,0.03
17-Mar-23,7.851,18.424,26.275,39.904,-13.629,7.654,5.608,0.388,-0.021,1.78,0
18-Mar-23,7.64,17.946,25.586,38.046,-12.46,6.892,5.708,0.241,-0.381,1.78,-0.07
19-Mar-23,8.188,17.621,25.809,36.582,-10.773,5.417,5.674,0.042,-0.36,0.71,-0.03
20-Mar-23,7.52,16.945,24.465,37.385,-12.92,7.259,6.24,0.107,-0.686,1.42,-0.1
21-Mar-23,9.058,17.801,26.859,37.513,-10.654,4.583,6.732,0.249,-0.91,1.78,-0.16
22-Mar-23,9.368,16.675,26.043,39.283,-13.24,6.958,6.681,0.109,-0.508,1.99,-0.1
23-Mar-23,7.933,16.913,24.846,38.543,-13.697,7.976,6.098,0.024,-0.401,1.99,-0.08
24-Mar-23,7.827,16.86,24.687,39.51,-14.823,9.009,5.766,0.247,-0.199,1.99,-0.04
25-Mar-23,8.11,16.416,24.526,37.403,-12.877,8.161,5.736,0.08,-1.1,2.41,-0.27
26-Mar-23,8.795,16.074,24.869,35.47,-10.601,5.618,5.857,0,-0.874,1.99,-0.17
27-Mar-23,9.002,16.369,25.371,37.861,-12.49,5.177,6.433,0.82,0.06,1.78,0.01
28-Mar-23,8.102,16.837,24.939,38.487,-13.548,7.492,5.97,0.557,-0.471,2.2,-0.1
29-Mar-23,7.62,16.459,24.079,38.859,-14.78,7.301,6.755,0.771,-0.047,2.61,-0.01
30-Mar-23,7.449,16.742,24.191,36.123,-11.932,7.315,6.272,0,-1.655,1.78,-0.29
31-Mar-23,8.054,15.116,23.17,34.393,-11.223,7.902,4.524,0.017,-1.22,1.78,-0.22
01-Apr-23,12.477,13.623,26.1,34.442,-8.342,8.658,1.088,0.164,-1.568,1.78,-0.28
02-Apr-23,12.375,14.2,26.575,33.113,-6.538,4.78,2.347,0,-0.589,1.78,-0.1
03-Apr-23,12.324,14.642,26.966,36.395,-9.429,6.862,2.407,0.286,-0.126,2.41,-0.03
04-Apr-23,13.011,15.23,28.241,38.453,-10.212,7.437,2.268,0.164,0.343,2.2,0.08
05-Apr-23,12.594,15.29,27.884,37.89,-10.006,7.419,2.428,0.044,0.115,1.78,0.02
06-Apr-23,11.157,15.739,26.896,38.052,-11.156,9.114,2.217,0.007,-0.182,1.99,-0.04
07-Apr-23,10.439,16.589,27.028,39.054,-12.026,9.066,2.574,0.191,0.195,1.78,0.03
08-Apr-23,9.997,16.14,26.137,38.125,-11.988,6.8,4.425,1.054,-0.291,1.99,-0.06
09-Apr-23,10.128,16.61,26.738,36.171,-9.433,5.91,3.529,0.26,-0.266,1.78,-0.05
10-Apr-23,10.507,16.859,27.366,37.924,-10.558,5.847,4.014,1.225,-0.528,2.2,-0.12
11-Apr-23,12.669,18.627,31.296,38.589,-7.293,3.464,3.397,1.388,-0.956,2.2,-0.21
12-Apr-23,12.99,18.246,31.236,40.365,-9.129,4.93,3.438,0.993,-0.232,1.42,-0.03
13-Apr-23,13.326,18.727,32.053,41.52,-9.467,5.508,2.807,0.985,0.167,2.2,0.04
14-Apr-23,13.417,20.135,33.552,42.648,-9.096,4.712,2.963,1.739,-0.318,2.2,-0.07
15-Apr-23,13.698,20.011,33.709,42.973,-9.264,5.055,3.133,1.396,-0.32,2.61,-0.08
16-Apr-23,14.297,19.044,33.341,40.245,-6.904,3.798,2.017,1.128,-0.039,1.99,-0.01
17-Apr-23,14.8,19.777,34.577,43.429,-8.852,5.354,2.115,0.847,0.536,1.78,0.1
18-Apr-23,15.435,19.93,35.365,45.251,-9.886,5.447,2.569,1.747,0.123,1.78,0.02
19-Apr-23,17.597,18.866,36.463,42.974,-6.511,4.033,2.461,1.009,-0.992,1.78,-0.18
20-Apr-23,20.808,18.621,39.429,43.7,-4.271,2.735,2.41,0,-0.874,1.42,-0.12
21-Apr-23,23.012,16.965,39.977,42.439,-2.462,5.642,-1.135,0,-2.045,1.42,-0.29
22-Apr-23,21.67,18.613,40.283,42.31,-2.027,2.455,1.38,0,-1.808,1.07,-0.19
23-Apr-23,19.246,18.917,38.163,38.794,-0.631,-1.257,2.063,0,-0.175,1.07,-0.02
24-Apr-23,18.535,19.218,37.753,40.454,-2.701,-0.304,3.08,0,-0.075,2.2,-0.02
25-Apr-23,18.492,17.425,35.917,42.703,-6.786,2.531,3.972,0.04,0.243,1.42,0.03
26-Apr-23,19.216,17.081,36.297,43.593,-7.296,2.342,5.565,0,-0.611,2.2,-0.13
27-Apr-23,16.989,16.819,33.808,43.202,-9.394,5.161,5.069,0.046,-0.882,1.99,-0.18
28-Apr-23,16.567,16.375,32.942,43.498,-10.556,6.888,4.637,0,-0.969,2.41,-0.23
29-Apr-23,17.203,17.524,34.727,44.613,-9.886,4.54,5.5,0,-0.154,1.78,-0.03
30-Apr-23,17.255,15.713,32.968,37.613,-4.645,0.669,5.199,0,-1.223,1.42,-0.17
01-May-23,17.172,13.268,30.44,33.65,-3.21,-2.025,6.817,0,-1.582,2.2,-0.35
02-May-23,18.121,14.337,32.458,36.187,-3.729,-2.368,6.745,0,-0.648,1.78,-0.12
03-May-23,18.008,15.22,33.228,37.082,-3.854,-1.012,5.652,0,-0.786,1.99,-0.16
04-May-23,19.844,15.026,34.87,37.447,-2.577,1.267,2.858,0,-1.548,1.78,-0.28
05-May-23,18.462,16.392,34.854,40.29,-5.436,-1.444,7.124,0,-0.244,1.99,-0.05
06-May-23,17.275,16.747,34.022,40.729,-6.707,0.822,6.254,0,-0.369,1.99,-0.07
07-May-23,17.71,16.2,33.91,38.907,-4.997,-1.665,7.177,0,-0.515,1.99,-0.1
08-May-23,16.078,17.145,33.223,41.943,-8.72,-0.856,8.481,0.477,0.618,1.99,0.12
09-May-23,14.137,17.544,31.681,43.286,-11.605,0.53,10.257,0.436,0.382,1.78,0.07
10-May-23,13.315,18.299,31.614,43.204,-11.59,3.408,7.877,0.633,-0.328,1.42,-0.05
11-May-23,14.465,18.671,33.136,44.088,-10.952,2.998,7.537,0.45,-0.033,1.78,-0.01
12-May-23,14.703,19.207,33.91,45.849,-11.939,4.148,7.707,0.173,-0.089,1.99,-0.02
13-May-23,17.024,18.522,35.546,46.244,-10.698,4.523,7.003,0.064,-0.892,2.41,-0.21
14-May-23,16.471,18.709,35.18,43.639,-8.459,1.829,7.353,0.023,-0.746,1.42,-0.11
15-May-23,16.072,19.511,35.583,46.584,-11.001,4.739,7.047,0,-0.785,1.07,-0.08
16-May-23,17.655,18.092,35.747,48.313,-12.566,6.134,6.76,0,-0.328,1.99,-0.07
17-May-23,18.68,19.133,37.813,49.839,-12.026,2.47,8.118,0.454,0.984,1.99,0.2
18-May-23,19.798,16.397,36.195,38.008,-1.813,4.448,1.384,0,-4.019,2.2,-0.88
19-May-23,18.976,19.335,38.311,47.762,-9.451,0.337,8.233,0.146,0.735,1.42,0.1
20-May-23,19.33,19.217,38.547,48.461,-9.914,4.917,5.657,0,-0.66,1.78,-0.12
21-May-23,20.142,18.808,38.95,45.315,-6.365,-3.338,11.181,0,-1.478,1.78,-0.26
22-May-23,23.11,19.079,42.189,50.205,-8.016,-1.647,10.382,0,-0.719,2.2,-0.16
23-May-23,23.778,19.166,42.944,48.702,-5.758,-3.287,11.833,0.04,-2.828,0.71,-0.2
24-May-23,21.686,16.631,38.317,33.737,4.58,-3.322,3.932,0,-5.19,1.78,-0.92
25-May-23,21.11,18.594,39.704,41.019,-1.315,-3.741,7.817,0,-2.761,1.42,-0.39
26-May-23,20.92,17.041,37.961,43.567,-5.606,-6.052,11.853,0.02,-0.215,1.99,-0.04
27-May-23,18.97,17.316,36.286,44.261,-7.975,-2.87,11.561,0.209,-0.925,2.41,-0.22
28-May-23,17.514,16.925,34.439,42.176,-7.737,-1.645,11.016,0,-1.634,2.41,-0.39
29-May-23,18.947,17.796,36.743,46.015,-9.272,-3.804,12.501,0.128,0.447,2.61,0.12
30-May-23,18.65,18.159,36.809,46.715,-9.906,-3.339,13.081,0.165,-0.001,1.07,0
31-May-23,21.075,18.067,39.142,46.708,-7.566,-2.286,10.884,0,-1.032,1.07,-0.11
01-Jun-23,23.895,18.697,42.592,45.358,-2.766,3.814,-0.614,0,-0.434,0.71,-0.03
02-Jun-23,19.604,20.578,40.182,45.447,-5.265,-0.806,5.514,0.432,0.125,1.99,0.02
03-Jun-23,19.322,20.637,39.959,47.233,-7.274,0.5,6.494,0.093,0.187,1.99,0.04
04-Jun-23,18.007,18.696,36.703,44.444,-7.741,0.272,7.718,0.108,-0.357,1.99,-0.07
05-Jun-23,19.305,19.197,38.502,47.368,-8.866,1.762,7.565,0.135,-0.596,1.07,-0.06
06-Jun-23,19.566,18.695,38.261,48.675,-10.414,2.275,7.572,0.067,0.5,1.07,0.05
07-Jun-23,19.24,18.918,38.158,49.493,-11.335,1.679,8.23,0.917,0.509,1.07,0.05
08-Jun-23,18.86,18.98,37.84,50.318,-12.478,2.578,8.831,0.804,0.265,1.07,0.03
09-Jun-23,22.289,17.632,39.921,51.696,-11.775,2.747,8.454,0.49,0.084,1.07,0.01
10-Jun-23,24.413,17.977,42.39,52.49,-10.1,2.934,7.538,0.054,-0.426,1.42,-0.06
11-Jun-23,25.032,19.085,44.117,48.544,-4.427,1.468,4.858,0.027,-1.926,2.2,-0.42
12-Jun-23,27.045,19.765,46.81,52.237,-5.427,2.429,4.721,0,-1.723,1.07,-0.18
13-Jun-23,29.184,21.101,50.285,53.517,-3.232,5.008,-0.547,0,-1.229,1.07,-0.13
14-Jun-23,29.674,21.212,50.886,52.439,-1.553,3.388,-0.732,0.09,-1.193,1.99,-0.24
15-Jun-23,26.901,23.333,50.234,53.753,-3.519,1.028,2.988,0.066,-0.563,2.41,-0.14
16-Jun-23,24.973,23.436,48.409,53.86,-5.451,0.339,4.414,0.503,0.195,1.78,0.03
17-Jun-23,28.432,23.834,52.266,55.622,-3.356,-1.067,3.904,0.255,0.264,1.78,0.05
18-Jun-23,28.878,22.103,50.981,48.638,2.343,-2.646,1.159,0,-0.856,1.07,-0.09
19-Jun-23,27.556,23.478,51.034,52.76,-1.726,-0.386,1.892,0.04,0.18,1.42,0.03
20-Jun-23,28.728,23.564,52.292,52.367,-0.075,2.391,-1.029,0,-1.287,1.42,-0.18
21-Jun-23,29.607,24.506,54.113,53.417,0.696,0.566,0.325,0,-1.587,1.99,-0.32
22-Jun-23,27.989,25.657,53.646,55.047,-1.401,0.113,1.33,0.015,-0.057,1.42,-0.01
23-Jun-23,28.02,26.092,54.112,53.068,1.044,1.503,-1.228,0,-1.319,1.78,-0.23
24-Jun-23,28.044,26.127,54.171,51.082,3.089,-1.14,0.049,0,-1.998,1.78,-0.36
25-Jun-23,25.438,23.892,49.33,41.165,8.165,-5.096,-1.535,0,-1.534,1.07,-0.16
26-Jun-23,29.022,22.552,51.574,44.636,6.938,-3.266,-3.043,0,-0.629,1.78,-0.11
27-Jun-23,28.905,23.396,52.301,47.197,5.104,-1.635,-1.031,0,-2.438,1.07,-0.26
28-Jun-23,29.757,22.462,52.219,45.586,6.633,-1.18,-3.851,0,-1.602,1.42,-0.23
29-Jun-23,29.978,22.826,52.804,46.034,6.77,-2.162,-3.16,0,-1.448,1.42,-0.21
30-Jun-23,27.254,22.832,50.086,45.175,4.911,-1.372,-2.87,0,-0.669,1.42,-0.09
01-Jul-23,23.813,21.844,45.657,43.815,1.842,0.029,-2.016,0,0.145,1.99,0.03
02-Jul-23,24.161,21.94,46.101,41.563,4.538,-2.143,-2.34,0,-0.055,2.2,-0.01
03-Jul-23,23.434,23.633,47.067,47.061,0.006,-0.622,-0.403,0.517,0.502,2.2,0.11
04-Jul-23,21.606,23.926,45.532,47.39,-1.858,1.639,-0.505,0.26,0.464,1.07,0.05
05-Jul-23,21.173,24.25,45.423,47.796,-2.373,0.604,1.349,0.318,0.102,1.42,0.01
06-Jul-23,21.869,22.219,44.088,41.602,2.486,2.519,-3.405,0,-1.6,1.42,-0.23
07-Jul-23,22.008,22.619,44.627,43.432,1.195,1.102,-1.583,0,-0.714,1.42,-0.1
08-Jul-23,22.024,21.811,43.835,42.716,1.119,0.435,-0.619,0,-0.935,1.42,-0.13
09-Jul-23,12.811,19.255,32.066,35.456,-3.39,-0.839,3.929,0.502,-0.202,1.78,-0.04
10-Jul-23,8.482,19.921,28.403,40.283,-11.88,1.858,6.725,1.654,1.643,1.42,0.23
11-Jul-23,2.451,19.356,21.807,38.696,-16.889,3.286,9.611,2.475,1.517,1.42,0.22
12-Jul-23,6.991,20.632,27.623,38.099,-10.476,3.029,5.926,1.335,0.186,1.78,0.03
13-Jul-23,11.357,21.799,33.156,36.323,-3.167,2.4,1.104,0.507,-0.844,1.42,-0.12
14-Jul-23,20.071,22.11,42.181,40.242,1.939,0.01,-2.254,0.496,-0.191,0.71,-0.01
15-Jul-23,18.875,22.927,41.802,41.182,0.62,-3.558,1.73,0.719,0.489,1.42,0.07
16-Jul-23,16.705,23.158,39.863,39.165,0.698,-3.126,1.748,0.39,0.29,1.78,0.05
17-Jul-23,17.111,24.127,41.238,44.706,-3.468,0.869,2.848,0.023,-0.272,1.78,-0.05
18-Jul-23,15.834,22.135,37.969,43.813,-5.844,2.94,3.173,0.321,-0.59,1.78,-0.11
19-Jul-23,20.014,22.646,42.66,45.365,-2.705,3.419,-1.279,0.662,-0.097,1.42,-0.01
20-Jul-23,18.237,22.473,40.71,46.917,-6.207,2.491,2.802,1.065,-0.151,1.42,-0.02
21-Jul-23,17.446,23.885,41.331,50.301,-8.97,0.908,6.687,0.999,0.376,1.99,0.07
22-Jul-23,15.526,23.626,39.152,48.031,-8.879,0.787,7.604,0.246,0.242,1.42,0.03
23-Jul-23,19.355,23.428,42.783,44.66,-1.877,1.518,0.637,0,-0.278,1.42,-0.04
24-Jul-23,22.417,25.965,48.382,47.878,0.504,2.872,-3.602,0.637,-0.411,1.78,-0.07
25-Jul-23,20.71,26.471,47.181,49.025,-1.844,0.026,2.798,0.486,-1.466,1.78,-0.26
26-Jul-23,16.212,25.321,41.533,46.63,-5.097,0.067,4.848,0.278,-0.096,1.07,-0.01
27-Jul-23,0,0,0,0,0,0,0,0,0,0,0
28-Jul-23,0,0,0,0,0,0,0,0,0,0,0
29-Jul-23,0,0,0,0,0,0,0,0,0,0,0
30-Jul-23,,,,,,,,,,,
31-Jul-23,0,0,0,0,0,0,0,0,0,0,0
01-Aug-23,24.289,26.246,50.535,48.607,1.928,0.182,-1.886,0.15,-0.374,1.42,-0.05
02-Aug-23,24.473,25.311,49.784,47.065,2.719,0.547,-2.111,0,-1.155,1.78,-0.21
03-Aug-23,24.07,25.41,49.48,47.493,1.987,0.367,-2.319,0.094,-0.129,1.99,-0.03
04-Aug-23,24.064,25.55,49.614,46.898,2.716,0.28,-3.183,0.04,0.147,1.99,0.03
05-Aug-23,24.688,26.008,50.696,47.224,3.472,0.323,-3.923,0.125,0.003,1.99,0
06-Aug-23,22.072,24.413,46.485,39.903,6.582,-2.484,-3.763,0.07,-0.405,1.42,-0.06
07-Aug-23,21.922,25.514,47.436,44.704,2.732,-0.028,-2.979,0.064,0.211,1.99,0.04
08-Aug-23,22.305,26.066,48.371,45.987,2.384,-0.386,-1.196,0.811,-1.613,2.41,-0.39
09-Aug-23,20.839,27.53,48.369,46.017,2.352,0.225,-2.89,0.869,-0.556,2.82,-0.16
10-Aug-23,20.255,27.222,47.477,45.947,1.53,-1.209,-1.929,1.066,0.542,1.99,0.11
11-Aug-23,21.06,27.73,48.79,46.079,2.711,-1.182,-1.632,0.222,-0.119,1.42,-0.02
12-Aug-23,21.63,27.262,48.892,47.023,1.869,-0.379,-1.483,0,-0.007,1.07,0
13-Aug-23,24.473,26.935,51.408,42.979,8.429,-2.275,-5.474,0,-0.68,1.78,-0.12
14-Aug-23,14.276,27.045,41.321,40.941,0.38,-2.192,-0.012,1.639,0.185,1.99,0.04
15-Aug-23,18.746,27.064,45.81,37.602,8.208,-4.046,-4.575,0.747,-0.334,1.99,-0.07
16-Aug-23,20.23,26.452,46.682,44.691,1.991,-2.263,-1.607,1.692,0.187,1.42,0.03
17-Aug-23,18.319,27.023,45.342,48.219,-2.877,0.152,-0.271,2.177,0.819,0.71,0.06
18-Aug-23,18.066,27.123,45.189,48.713,-3.524,0.004,-0.532,2.153,1.899,0.71,0.13
19-Aug-23,24.002,26.475,50.477,49.996,0.481,0.012,-1.979,0.555,0.931,1.07,0.1
20-Aug-23,24.015,25.61,49.625,46.607,3.018,-0.927,-2.917,0.047,0.779,1.78,0.14
21-Aug-23,23.032,25.816,48.848,47.644,1.204,-0.312,-3.927,2.182,0.853,2.41,0.21
22-Aug-23,21.062,25.531,46.593,44.544,2.049,-0.151,-4.108,1.779,0.431,1.78,0.08
23-Aug-23,22.215,25.238,47.453,43.024,4.429,-0.004,-4.21,0.135,-0.35,0.71,-0.02
24-Aug-23,20.537,24.847,45.384,43.967,1.417,-0.182,-1.485,0.11,0.14,1.42,0.02
25-Aug-23,22.917,23.978,46.895,45.906,0.989,0.872,-2.327,0.867,-0.401,1.78,-0.07
26-Aug-23,23.477,24.396,47.873,47.426,0.447,0.735,-2.304,0.391,0.731,1.78,0.13
27-Aug-23,24.433,23.978,48.411,44.739,3.672,-0.929,-2.707,0,-0.036,1.42,-0.01
28-Aug-23,24.142,24.118,48.26,45.759,2.501,-0.815,-1.129,0.15,-0.707,1.07,-0.08
29-Aug-23,24.761,23.965,48.726,46.599,2.127,0.53,-2.632,0.28,-0.305,2.61,-0.08
30-Aug-23,23.302,23.64,46.942,44.512,2.43,0.338,-2.544,0.318,-0.542,2.82,-0.15
31-Aug-23,23.662,23.629,47.291,44.563,2.728,-0.735,-2.273,0.477,-0.197,3.24,-0.06
01-Sep-23,23.346,22.69,46.036,48.073,-2.037,-0.313,-1.636,2.731,1.255,2.61,0.33
02-Sep-23,22.895,22.09,44.985,50.007,-5.022,0,-0.699,3.522,2.199,1.78,0.39
03-Sep-23,22.142,22.712,44.854,47.944,-3.09,0,1.345,1.191,0.554,1.07,0.06
04-Sep-23,21.16,21.927,43.087,50.383,-7.296,0.437,5.368,0.592,0.899,0.71,0.06
05-Sep-23,20.638,22.354,42.992,49.621,-6.629,2.605,2.766,0.426,0.832,1.42,0.12
06-Sep-23,20.986,22.107,43.093,51.495,-8.402,2.166,4.882,0.363,0.991,1.78,0.18
07-Sep-23,21.69,21.573,43.263,50.652,-7.389,4.26,4.292,0.044,-1.207,1.42,-0.17
08-Sep-23,21.004,20.257,41.261,46.076,-4.815,5.983,-0.368,0.05,-0.85,1.42,-0.12
09-Sep-23,21.075,20.922,41.997,46.808,-4.811,3.881,1.804,0,-0.874,1.99,-0.17
10-Sep-23,22.13,20.687,42.817,38.401,4.416,2.644,-5.587,0,-1.473,1.78,-0.26
11-Sep-23,20.448,20.625,41.073,41.925,-0.852,2.38,-1.3,0,-0.228,1.42,-0.03
12-Sep-23,20.242,21.421,41.663,46.759,-5.096,3.535,0.8,0.245,0.516,1.99,0.1
13-Sep-23,21.024,21.603,42.627,48.089,-5.462,3.985,1.56,0.146,-0.229,1.99,-0.05
14-Sep-23,21.141,22.162,43.303,49.635,-6.332,4.924,1.039,0.202,0.167,2.2,0.04
15-Sep-23,21.852,21.488,43.34,45.745,-2.405,2.06,1.054,0,-0.709,1.78,-0.13
16-Sep-23,21.466,20.788,42.254,45.873,-3.619,3.13,0.363,0,0.126,1.78,0.02
17-Sep-23,21.276,18.328,39.604,39.614,-0.01,0.081,0.223,0,-0.294,1.07,-0.03
18-Sep-23,21.796,19.067,40.863,44.41,-3.547,3.591,0.351,0,-0.395,1.07,-0.04
19-Sep-23,22.486,19.12,41.606,47.438,-5.832,5.05,1.071,0,-0.289,1.42,-0.04
20-Sep-23,21.478,19.517,40.995,48.381,-7.386,4.245,3.169,0,-0.028,1.78,0
21-Sep-23,19.839,19.469,39.308,47.952,-8.644,5.01,3.426,0,0.208,1.07,0.02
22-Sep-23,20.742,18.664,39.406,47.073,-7.667,5.638,2.268,0,-0.239,1.42,-0.03
23-Sep-23,20.394,18.695,39.089,45.999,-6.91,6.553,1.002,0,-0.645,1.78,-0.11
24-Sep-23,19.755,18.003,37.758,41.19,-3.432,3.704,0.028,0,-0.3,0.71,-0.02
25-Sep-23,19.676,18.092,37.768,44.366,-6.598,5.197,0.818,0,0.583,1.99,0.12
26-Sep-23,19.229,17.959,37.188,46.501,-9.313,6.065,2.256,0,0.992,1.99,0.2
27-Sep-23,18.269,17.628,35.897,47.079,-11.182,6.612,3.602,0.162,0.806,2.2,0.18
28-Sep-23,17.881,17.225,35.106,47.005,-11.899,10.077,2.202,0,-0.38,1.78,-0.07
29-Sep-23,17.613,17.011,34.624,46.677,-12.053,8.335,3.309,0,0.409,1.78,0.07
30-Sep-23,17.435,17.472,34.907,47.034,-12.127,11.426,1.336,0,-0.635,1.78,-0.11
01-Oct-23,16.569,18.702,35.271,44.235,-8.964,2.513,5.451,0,1,1.78,0.18
02-Oct-23,15.832,16.999,32.831,39.316,-6.485,-0.051,6.185,0,0.351,1.99,0.07
03-Oct-23,15.077,17.249,32.326,41.523,-9.197,6.233,3.523,0,-0.559,1.99,-0.11
04-Oct-23,14.606,17.711,32.317,44.37,-12.053,6.838,5.168,0.152,-0.105,2.61,-0.03
05-Oct-23,14.203,17.692,31.895,44.078,-12.183,4.568,7.023,0.329,0.263,1.99,0.05
06-Oct-23,14.239,17.652,31.891,45.696,-13.805,6.501,5.133,0.618,1.553,1.99,0.31
07-Oct-23,14.205,19.062,33.267,44.749,-11.482,5.381,5.226,1.107,-0.232,2.61,-0.06
08-Oct-23,14.354,18.385,32.739,41.166,-8.427,5.727,2.321,0.5,-0.121,1.78,-0.02
09-Oct-23,14.228,21.566,35.794,44.216,-8.422,4.841,2.476,0.517,0.588,2.41,0.14
10-Oct-23,13.763,23.145,36.908,44.258,-7.35,4.855,2.39,0.494,-0.389,2.2,-0.09
11-Oct-23,13.531,25.837,39.368,44.15,-4.782,2.926,2.341,0,-0.485,2.41,-0.12
12-Oct-23,12.817,23.936,36.753,42.558,-5.805,3.829,2.205,0.152,-0.381,1.78,-0.07
13-Oct-23,13.95,22.295,36.245,42.791,-6.546,3.427,2.993,0,0.126,1.42,0.02
14-Oct-23,13.62,20.482,34.102,42.432,-8.33,4.898,2.592,0.341,0.499,1.78,0.09
15-Oct-23,12.085,18.024,30.109,38.138,-8.029,4.332,3.439,0.113,0.145,1.78,0.03
16-Oct-23,11.062,18.243,29.305,33.091,-3.786,1.544,2.681,0.053,-0.492,1.99,-0.1
17-Oct-23,12.85,16.955,29.805,36.891,-7.086,5.579,1.508,0,-0.001,1.78,0
18-Oct-23,11.103,17.903,29.006,37.77,-8.764,5.096,2.898,0.332,0.438,1.99,0.09
19-Oct-23,10.965,17.712,28.677,38.591,-9.914,5.707,3.686,0.221,0.3,1.99,0.06
20-Oct-23,11.125,18.057,29.182,38.992,-9.81,6.586,3.017,0.105,0.102,1.42,0.01
21-Oct-23,10.674,17.229,27.903,38.805,-10.902,7.67,3.083,0.451,-0.302,1.78,-0.05
22-Oct-23,9.252,16.883,26.135,36.882,-10.747,6.002,3.237,0.168,1.34,1.78,0.24
23-Oct-23,11.105,16.688,27.793,37.361,-9.568,7.255,2.892,0,-0.579,1.42,-0.08
24-Oct-23,11.586,15.252,26.838,33.617,-6.779,5.557,1.679,0,-0.457,1.42,-0.06
25-Oct-23,10.962,15.9,26.862,36.753,-9.891,6.602,2.501,0.493,0.295,1.78,0.05
26-Oct-23,10.775,16.165,26.94,38.676,-11.736,7.041,4.242,0.275,0.178,1.78,0.03
27-Oct-23,10.525,16.254,26.779,39.448,-12.669,8.032,4.027,0.581,0.029,1.42,0
28-Oct-23,10.413,15.556,25.969,39.247,-13.278,8.537,4.675,0.262,-0.196,2.2,-0.04
29-Oct-23,9.873,14.154,24.027,35.876,-11.849,6.532,4.875,0,0.442,1.78,0.08
30-Oct-23,9.89,16.299,26.189,38.045,-11.856,7.591,3.89,0.108,0.267,1.78,0.05
31-Oct-23,10.197,16.538,26.735,38.998,-12.263,8.759,3.521,0,-0.017,1.99,0
01-Nov-23,10.141,16.299,26.44,37.994,-11.554,9.543,3.335,0,-1.324,1.99,-0.26
02-Nov-23,9.897,15.685,25.582,37.427,-11.845,9.759,1.586,0.02,0.48,2.2,0.11
03-Nov-23,9.472,16.074,25.546,39.394,-13.848,7.425,5.096,0.259,1.068,2.2,0.23
04-Nov-23,9.508,16.271,25.779,39.187,-13.408,8.799,4.556,0,0.053,1.99,0.01
05-Nov-23,8.515,15.045,23.56,36.234,-12.674,8.001,4.236,0,0.437,1.78,0.08
06-Nov-23,9.215,15.203,24.418,38.329,-13.911,9.039,4.628,0,0.244,1.42,0.03
07-Nov-23,10.167,14.777,24.944,39.149,-14.205,10.063,4.194,0,-0.052,1.99,-0.01
08-Nov-23,9.501,15.435,24.936,39.689,-14.753,8.554,5.739,0,0.46,2.2,0.1
09-Nov-23,9.088,15.797,24.885,39.588,-14.703,7.856,6.185,0.073,0.589,2.2,0.13
10-Nov-23,9.957,15.62,25.577,40.33,-14.753,6.828,7.932,0,-0.007,1.07,0
11-Nov-23,11.768,14.564,26.332,35.891,-9.559,4.048,6.144,0,-0.633,1.42,-0.09
12-Nov-23,11.451,13.858,25.309,27.816,-2.507,0.875,3.283,0,-1.651,1.07,-0.18
13-Nov-23,10.556,13.853,24.409,27.543,-3.134,-0.66,3.669,0,0.125,1.42,0.02
14-Nov-23,9.138,14.746,23.884,29.814,-5.93,3.404,3.234,0,-0.708,1.78,-0.13
15-Nov-23,9.269,15.046,24.315,32.268,-7.953,4.527,3.379,0,0.047,1.42,0.01
16-Nov-23,9.174,14.865,24.039,34.377,-10.338,6.697,4.089,0,-0.448,1.42,-0.06
17-Nov-23,9.328,15.724,25.052,35.941,-10.889,6.194,5.021,0,-0.326,1.78,-0.06
18-Nov-23,9.308,15.737,25.045,36.793,-11.748,7.648,4.718,0,-0.618,2.41,-0.15
19-Nov-23,9.116,15.096,24.212,35.031,-10.819,5.636,5.219,0,-0.036,1.42,-0.01
20-Nov-23,8.836,14.419,23.255,36.692,-13.437,7.569,5.681,0.067,0.12,1.42,0.02
21-Nov-23,8.937,14.945,23.882,37.938,-14.056,7.353,6.764,0,-0.061,1.99,-0.01
22-Nov-23,8.509,14.606,23.115,38.778,-15.663,7.949,8.009,0,-0.295,1.99,-0.06
23-Nov-23,8.391,15.137,23.528,38.334,-14.806,7.341,8.314,0,-0.849,1.99,-0.17
24-Nov-23,8.379,14.796,23.175,38.71,-15.535,7.598,8.405,0,-0.468,1.42,-0.07
25-Nov-23,8.439,14.491,22.93,38.604,-15.674,8.245,8.649,0,-1.22,1.42,-0.17
26-Nov-23,8.281,13.897,22.178,36.28,-14.102,6.479,8.388,0,-0.765,1.07,-0.08
27-Nov-23,7.602,13.679,21.281,38.63,-17.349,7.738,9.703,0.067,-0.159,1.42,-0.02
28-Nov-23,7.688,13.791,21.479,39.852,-18.373,8.224,9.638,0,0.511,1.07,0.05
29-Nov-23,8.106,13.949,22.055,39.212,-17.157,8.378,8.952,0,-0.173,1.42,-0.02
30-Nov-23,7.993,13.977,21.97,38.849,-16.879,8.391,8.988,0,-0.5,1.42,-0.07
04-Dec-23,9.303,13.343,22.646,37.12,-14.474,5.44,9.689,0,-0.655,1.42,-0.09
05-Dec-23,8.167,13.441,21.608,38.372,-16.764,5.808,11.06,0,-0.104,1.99,-0.02
06-Dec-23,10.669,13.94,24.609,39.481,-14.872,3.739,10.971,0,0.162,2.2,0.04
07-Dec-23,10.451,13.831,24.282,39.814,-15.532,4.351,11.861,0,-0.68,1.99,-0.14
08-Dec-23,10.344,13.749,24.093,40.375,-16.282,5.204,11.363,0,-0.285,1.99,-0.06
09-Dec-23,10.9,14.573,25.473,39.695,-14.222,5.254,9.715,0,-0.747,1.78,-0.13
10-Dec-23,10.273,13.933,24.206,36.862,-12.656,2.313,10.524,0,-0.181,1.99,-0.04
11-Dec-23,8.388,14.512,22.9,39.78,-16.88,5.352,11.087,0,0.441,1.78,0.08
12-Dec-23,9.938,14.415,24.353,41.205,-16.852,4.537,11.906,0.153,0.256,1.78,0.05
13-Dec-23,10.304,14.216,24.52,41.786,-17.266,5.181,11.837,0.064,0.184,1.78,0.03
14-Dec-23,10.358,14.236,24.594,41.735,-17.141,7.18,10.653,0.102,-0.794,1.99,-0.16
15-Dec-23,10.979,14.594,25.573,43.031,-17.458,7.782,10.074,0.113,-0.511,2.2,-0.11
16-Dec-23,12.654,14.52,27.174,42.332,-15.158,7.468,8.604,0,-0.914,1.42,-0.13
17-Dec-23,12.823,14.568,27.391,39.566,-12.175,3.698,9.14,0,-0.663,0.71,-0.05
18-Dec-23,12.646,14.538,27.184,42.147,-14.963,4.782,10.227,0,-0.046,1.99,-0.01
19-Dec-23,12.625,14.371,26.996,43.38,-16.384,5.372,10.996,0,0.016,1.78,0
20-Dec-23,12.839,13.801,26.64,44.254,-17.614,6.318,10.341,0,0.955,1.78,0.17
21-Dec-23,13.202,13.738,26.94,43.591,-16.651,5.051,11.655,0.107,-0.162,2.2,-0.04
22-Dec-23,12.972,14.253,27.225,44.534,-17.309,4.83,11.743,0.325,0.411,2.41,0.1
23-Dec-23,13.162,14.706,27.868,43.125,-15.257,3.74,11.928,0.23,-0.641,1.78,-0.11
24-Dec-23,12.907,14.775,27.682,40.17,-12.488,1.801,10.774,0,-0.087,1.99,-0.02
25-Dec-23,12.873,13.917,26.79,41.986,-15.196,3.299,11.724,0,0.173,2.41,0.04
26-Dec-23,12.569,14.563,27.132,42.743,-15.611,5.33,10.915,0.105,-0.739,1.78,-0.13
27-Dec-23,12.803,15.028,27.831,42.514,-14.683,3.982,10.993,0.145,-0.437,1.42,-0.06
28-Dec-23,12.541,14.957,27.498,42.106,-14.608,4.78,10.095,0.225,-0.492,1.99,-0.1
29-Dec-23,12.154,15.193,27.347,41.503,-14.156,4.382,9.121,1.023,-0.37,1.78,-0.07
30-Dec-23,12.288,15.524,27.812,42.743,-14.931,4.973,9.816,0.454,-0.312,2.2,-0.07
31-Dec-23,12.098,15.665,27.763,40.207,-12.444,0.145,12.741,0.08,-0.522,1.42,-0.07
01-Jan-24,11.674,15.89,27.564,41.282,-13.718,1.8,12.718,0.125,-0.925,1.78,-0.16
02-Jan-24,9.368,16.055,25.423,41.902,-16.479,2.47,13.83,0.487,-0.308,1.99,-0.06
03-Jan-24,9.629,15.461,25.09,42.662,-17.572,4.413,13.259,0.468,-0.568,2.41,-0.14
04-Jan-24,9.665,15.381,25.046,43.644,-18.598,4.189,13.209,0.671,0.529,1.99,0.11
05-Jan-24,9.535,15.378,24.913,46.194,-21.281,4.589,14.728,1.085,0.879,1.99,0.17
06-Jan-24,9.664,14.642,24.306,46.45,-22.144,5.784,15.449,0.33,0.581,1.78,0.1
07-Jan-24,9.201,14.912,24.113,43.029,-18.916,5.243,13.571,0,0.102,1.42,0.01
08-Jan-24,10.348,15.305,25.653,44.865,-19.212,6.522,12.512,0.409,-0.231,1.99,-0.05
09-Jan-24,9.883,15.147,25.03,46.386,-21.356,7.31,13.318,0.28,0.448,1.07,0.05
10-Jan-24,9.641,15.582,25.223,47.259,-22.036,6.412,15.117,0.306,0.201,1.42,0.03
11-Jan-24,9.744,15.465,25.209,47.627,-22.418,6.831,14.881,0.08,0.626,1.07,0.07
12-Jan-24,9.441,15.345,24.786,48.676,-23.89,7.801,15.46,0.268,0.361,1.78,0.06
13-Jan-24,9.296,14.766,24.062,46.974,-22.912,10.489,13.169,0.291,-1.037,2.2,-0.23
14-Jan-24,9.53,14.467,23.997,42.414,-18.417,6.998,11.488,0.096,-0.165,1.99,-0.03
15-Jan-24,9.528,14.018,23.546,45.392,-21.846,7.906,13.533,0.596,-0.189,1.78,-0.03
16-Jan-24,9.536,14.207,23.743,46.421,-22.678,8.135,14.149,0.437,-0.043,1.99,-0.01
17-Jan-24,10.37,14.694,25.064,47.555,-22.491,8.991,12.544,0.396,0.56,2.2,0.12
18-Jan-24,10.329,14.845,25.174,47.453,-22.279,7.809,13.152,0.781,0.537,1.42,0.08
19-Jan-24,10.442,14.469,24.911,48.938,-24.027,7.774,13.467,2.366,0.42,1.99,0.08
20-Jan-24,11.849,14.509,26.358,48.993,-22.635,8.214,13.338,1.184,-0.101,1.78,-0.02
21-Jan-24,11.433,14.144,25.577,47.021,-21.444,6.164,13.929,0.374,0.977,1.42,0.14
22-Jan-24,11.526,14.664,26.19,47.815,-21.625,6.21,13.689,1.66,0.066,1.78,0.01
23-Jan-24,13.052,14.629,27.681,48.083,-20.402,6.992,12.666,1.335,-0.591,1.99,-0.12
24-Jan-24,13.976,14.755,28.731,48.926,-20.195,5.888,12.863,1.647,-0.203,1.99,-0.04
25-Jan-24,14.08,13.95,28.03,48.492,-20.462,6.587,12.934,1.382,-0.441,1.99,-0.09
26-Jan-24,14.057,14.06,28.117,42.635,-14.518,2.273,12.214,0.08,-0.049,1.42,-0.01
27-Jan-24,13.969,13.932,27.901,46.018,-18.117,5.547,13.256,0.395,-1.081,1.99,-0.22
28-Jan-24,13.654,14.26,27.914,45.869,-17.955,4.62,12.816,0.265,0.254,1.78,0.05
29-Jan-24,14.146,14.478,28.624,46.235,-17.611,4.264,12.631,0.666,0.05,1.42,0.01
30-Jan-24,14.176,14.188,28.364,46.394,-18.03,4.944,12.01,1.263,-0.187,1.99,-0.04
31-Jan-24,13.584,14.652,28.236,47.626,-19.39,5.329,12.575,0.831,0.655,1.42,0.09
01-Feb-24,12.155,14.786,26.941,38.556,-11.615,4.51,8.049,0.467,-1.411,1.42,-0.2
02-Feb-24,12.26,15.163,27.423,44.752,-17.329,6.641,10.257,0.627,-0.196,1.78,-0.03
03-Feb-24,11.37,14.975,26.345,45.502,-19.157,8.448,10.859,0.249,-0.399,1.99,-0.08
04-Feb-24,11.145,14.861,26.006,42.768,-16.762,4.37,12.183,0.213,-0.004,1.99,0
05-Feb-24,11.163,14.895,26.058,43.077,-17.019,4.461,13.273,0,-0.715,1.07,-0.08
06-Feb-24,9.342,15.28,24.622,45.494,-20.872,6.034,14.066,0.55,0.222,1.99,0.04
07-Feb-24,9.637,15.064,24.701,44.995,-20.294,6.72,12.838,0.882,-0.146,1.42,-0.02
08-Feb-24,9.774,14.892,24.666,44.445,-19.779,7.448,12.781,0.687,-1.137,1.78,-0.2
09-Feb-24,9.44,14.287,23.727,44.91,-21.183,8.886,11.234,0.818,0.245,1.99,0.05
10-Feb-24,9.877,14.352,24.229,43.704,-19.475,7.375,11.836,0.398,-0.134,1.42,-0.02
11-Feb-24,10.734,14.712,25.446,40.864,-15.418,4.996,11.124,0,-0.702,1.78,-0.12
12-Feb-24,10.975,14.898,25.873,42.531,-16.658,4.805,12.333,0.113,-0.593,1.42,-0.08
13-Feb-24,11.694,14.708,26.402,43.725,-17.323,4.917,12.539,0.087,-0.22,1.42,-0.03
14-Feb-24,11.624,14.73,26.354,43.123,-16.769,3.726,12.967,0,0.076,1.42,0.01
15-Feb-24,11.809,14.688,26.497,41.802,-15.305,3.864,12.292,0,-0.851,1.42,-0.12
16-Feb-24,12.297,14.726,27.023,42.582,-15.559,3.132,12.066,0,0.361,1.78,0.06
17-Feb-24,11.889,14.696,26.585,41.442,-14.857,2.551,12.802,0,-0.496,1.99,-0.1
18-Feb-24,11.509,14.443,25.952,38.792,-12.84,0.813,12.066,0.067,-0.106,1.42,-0.02
19-Feb-24,11.772,14.264,26.036,40.944,-14.908,2.754,12.83,0,-0.676,1.42,-0.1
20-Feb-24,11.808,14.771,26.579,39.755,-13.176,2.505,11.522,0,-0.851,2.61,-0.22
21-Feb-24,10.713,14.908,25.621,41.482,-15.861,3.84,11.193,0.079,0.749,1.78,0.13
22-Feb-24,9.425,14.882,24.307,42.087,-17.78,4.557,12.456,0.078,0.689,1.99,0.14
23-Feb-24,9.242,15.06,24.302,42.239,-17.937,5.032,12.736,0.084,0.085,1.99,0.02
24-Feb-24,8.191,14.61,22.801,41.67,-18.869,5.177,13.564,0.013,0.115,1.78,0.02
25-Feb-24,9.178,14.686,23.864,39.133,-15.269,3.403,11.699,0,0.167,1.42,0.02
26-Feb-24,8.618,15.016,23.634,41.513,-17.879,5.996,12.144,0,-0.261,1.42,-0.04
27-Feb-24,8.783,15.417,24.2,43.122,-18.922,6.148,12.957,0,-0.183,1.42,-0.03
28-Feb-24,9.251,15.415,24.666,41.469,-16.803,4.562,12.729,0,-0.488,1.42,-0.07
29-Feb-24,8.946,15.579,24.525,40.851,-16.326,3.89,12.721,0,-0.285,1.42,-0.04
01-Mar-24,12.462,15.347,27.809,41.636,-13.827,14.368,-0.058,0,-0.483,1.78,-0.09
02-Mar-24,14.396,15.663,30.059,39.174,-9.115,9.65,0.461,0.022,-1.018,1.42,-0.14
03-Mar-24,20.7,15.64,36.34,34.892,1.448,6.351,-6.183,0,-1.616,0.36,-0.06
04-Mar-24,19.396,15.803,35.199,37.422,-2.223,3.542,-0.832,0.123,-0.61,1.42,-0.09
05-Mar-24,16.095,15.626,31.721,40.864,-9.143,8.142,0.791,0,0.21,1.78,0.04
06-Mar-24,13.61,15.963,29.573,40.057,-10.484,10.733,0.354,0,-0.603,1.99,-0.12
07-Mar-24,13.168,15.947,29.115,39.292,-10.177,10.411,0.466,0,-0.7,1.78,-0.12
08-Mar-24,13.83,15.823,29.653,38.885,-9.232,8.697,0.004,0.142,0.389,1.78,0.07
09-Mar-24,12.948,15.702,28.65,38.21,-9.56,10.306,-0.502,0.013,-0.257,1.78,-0.05
10-Mar-24,13.059,15.67,28.729,36.924,-8.195,7.85,0.335,0,0.01,1.78,0
11-Mar-24,13.719,15.569,29.288,39.204,-9.916,8.843,1.031,0,0.042,1.99,0.01
12-Mar-24,13.537,15.312,28.849,39.64,-10.791,9.136,1.118,0,0.537,2.2,0.12
13-Mar-24,13.847,15.668,29.515,40.587,-11.072,10.591,0.326,0,0.155,1.99,0.03
14-Mar-24,14.69,16.05,30.74,40.378,-9.638,8.243,1.196,0.06,0.139,1.99,0.03
15-Mar-24,14.464,15.557,30.021,40.768,-10.747,9.39,0.973,0,0.384,1.78,0.07
16-Mar-24,13.873,16.233,30.106,40.788,-10.682,9.467,1.248,0,-0.033,1.78,-0.01
17-Mar-24,13.664,15.911,29.575,37.8,-8.225,6.841,1.426,0,-0.042,1.42,-0.01
18-Mar-24,15.481,16.31,31.791,40.036,-8.245,6.864,1.835,0,-0.454,1.78,-0.08
19-Mar-24,15.786,15.761,31.547,40.653,-9.106,7.398,1.605,0,0.103,1.42,0.01
20-Mar-24,12.503,16.638,29.141,40.625,-11.484,8.278,3.509,0,-0.303,1.42,-0.04
21-Mar-24,10.968,16.307,27.275,40.769,-13.494,4.993,7.727,0.02,0.754,1.78,0.13
22-Mar-24,10.804,16.501,27.305,41.792,-14.487,10.137,4.525,0,-0.175,1.99,-0.03
23-Mar-24,9.545,16.878,26.423,40.12,-13.697,13.079,1.626,0,-1.008,1.99,-0.2
24-Mar-24,8.743,17.078,25.821,35.643,-9.822,7.91,2.475,0,-0.563,1.99,-0.11
25-Mar-24,9.176,15.967,25.143,26.399,-1.256,-0.623,2.042,0,-0.163,1.99,-0.03
26-Mar-24,9.086,16.247,25.333,32.042,-6.709,3.288,3.761,0,-0.34,1.99,-0.07
27-Mar-24,9.913,16.574,26.487,38.321,-11.834,9.048,3.183,0,-0.397,1.99,-0.08
28-Mar-24,11.709,17.492,29.201,41.503,-12.302,8.94,2.438,0.023,0.901,2.2,0.2
29-Mar-24,12.435,17.756,30.191,42.882,-12.691,5.451,6.874,0,0.366,1.78,0.07
30-Mar-24,12.318,17.459,29.777,39.519,-9.742,8.363,2.506,0,-1.127,1.42,-0.16
31-Mar-24,12.441,17.11,29.551,39.716,-10.165,7.217,3.058,0,-0.11,1.78,-0.02
01-Apr-24,16.626,17.069,33.695,38.905,-5.21,10.6,-4.834,0,-0.556,1.42,-0.08
02-Apr-24,16.241,17.786,34.027,39.689,-5.662,11.496,-5.699,0,-0.135,1.99,-0.03
03-Apr-24,16.779,17.702,34.481,40.968,-6.487,11.047,-4.747,0.035,0.152,2.2,0.03
04-Apr-24,16.837,17.471,34.308,42.038,-7.73,10.794,-3.757,0.205,0.488,2.2,0.11
05-Apr-24,16.845,17.488,34.333,43.053,-8.72,11.148,-2.386,0.063,-0.105,1.78,-0.02
06-Apr-24,15.645,17.335,32.98,41.721,-8.741,11.944,-2.401,0.094,-0.896,1.78,-0.16
07-Apr-24,14.491,16.841,31.332,39.125,-7.793,11.067,-2.896,0.042,-0.42,1.42,-0.06
08-Apr-24,17.055,17.114,34.169,41.711,-7.542,12.475,-4.721,0,-0.212,1.42,-0.03
09-Apr-24,17.41,17.153,34.563,43.645,-9.082,11.96,-2.562,0,-0.316,2.2,-0.07
10-Apr-24,18.304,17.653,35.957,43.921,-7.964,11.731,-3.45,0,-0.317,1.78,-0.06
11-Apr-24,17.791,17.189,34.98,43.246,-8.266,10.389,-1.389,0,-0.734,1.99,-0.15
12-Apr-24,15.596,17.46,33.056,42.75,-9.694,12.966,-3.119,0,-0.153,1.78,-0.03
13-Apr-24,15.096,17.47,32.566,44.202,-11.636,11.14,0.33,0.038,0.128,2.2,0.03
14-Apr-24,15.148,16.295,31.443,40.543,-9.1,9.513,-0.139,0,-0.274,1.78,-0.05
15-Apr-24,0,0,0,0,0,0,0,0,0,0,0
16-Apr-24,0,0,0,0,0,0,0,0,0,0,0
17-Apr-24,0,0,0,0,0,0,0,0,0,0,0
18-Apr-24,0,0,0,0,0,0,0,0,0,0,0
19-Apr-24,0,0,0,0,0,0,0,0,0,0,0
20-Apr-24,0,0,0,0,0,0,0,0,0,0,0
21-Apr-24,0,0,0,0,0,0,0,0,0,0,0
22-Apr-24,0,0,0,0,0,0,0,0,0,0,0
23-Apr-24,0,0,0,0,0,0,0,0,0,0,0
24-Apr-24,0,0,0,0,0,0,0,0,0,0,0
25-Apr-24,0,0,0,0,0,0,0,0,0,0,0
26-Apr-24,0,0,0,0,0,0,0,0,0,0,0
27-Apr-24,0,0,0,0,0,0,0,0,0,0,0
28-Apr-24,0,0,0,0,0,0,0,0,0,0,0
29-Apr-24,0,0,0,0,0,0,0,0,0,0,0
30-Apr-24,0,0,0,0,0,0,0,0,0,0,0
01-May-24,15.786,17.412,33.198,44.194,-10.996,10.328,0.768,0,-0.1,1.42,-0.01
02-May-24,15.826,17.168,32.994,45.257,-12.263,9.954,1.612,0.033,0.664,1.42,0.09
03-May-24,16.54,17.646,34.186,47.42,-13.234,11.417,1.402,0.023,0.392,1.07,0.04
04-May-24,17.715,17.977,35.692,48.082,-12.39,11.466,0.582,0.073,0.269,1.78,0.05
05-May-24,17.044,16.768,33.812,46.171,-12.359,9.941,1.864,0.179,0.375,1.78,0.07
06-May-24,17.713,17.833,35.546,49.922,-14.376,10.584,3.225,0.16,0.407,1.07,0.04
07-May-24,19.457,18.035,37.492,49.622,-12.13,10.101,1.38,0.088,0.561,0.71,0.04
08-May-24,21.419,18.2,39.619,51.675,-12.056,8.075,3.117,0,0.864,1.42,0.12
09-May-24,22.824,18.269,41.093,52.214,-11.121,11.961,-0.08,0,-0.76,1.42,-0.11
10-May-24,24.705,18.505,43.21,52.96,-9.75,11.004,-0.085,0,-1.169,1.07,-0.13
11-May-24,22.431,18.974,41.405,49.857,-8.452,10.804,-0.405,0,-1.947,1.99,-0.39
12-May-24,21.187,19.624,40.811,47.649,-6.838,5.175,1.463,0,0.2,1.99,0.04
13-May-24,23.428,20.091,43.519,51.652,-8.133,6.427,2.203,0,-0.497,1.07,-0.05
14-May-24,25.594,19.146,44.74,52.624,-7.884,6.811,1.434,0,-0.361,1.42,-0.05
15-May-24,24.918,20.058,44.976,52.923,-7.947,8.829,-0.839,0,-0.043,1.42,-0.01
16-May-24,23.706,20.415,44.121,53.522,-9.401,8,0.96,0,0.441,1.78,0.08
17-May-24,26.729,20.74,47.469,55.066,-7.597,9.676,-1.284,0,-0.795,1.78,-0.14
18-May-24,26.443,21.316,47.759,56.375,-8.616,8.152,0.032,0,0.432,1.42,0.06
19-May-24,24.135,21.913,46.048,52.665,-6.617,4.491,1.652,0,0.474,1.42,0.07
20-May-24,25.944,22.193,48.137,56.323,-8.186,6.407,1.605,0,0.174,1.42,0.02
21-May-24,27.305,22.82,50.125,56.565,-6.44,5.114,1.259,0,0.067,1.42,0.01
22-May-24,27.349,22.794,50.143,57.152,-7.009,6.184,1.033,0,-0.208,1.78,-0.04
23-May-24,26.874,23.137,50.011,57.809,-7.798,6.757,0.52,0.093,0.428,1.42,0.06
24-May-24,26.627,23.485,50.112,59.335,-9.223,7.295,1.032,0.029,0.867,1.99,0.17
25-May-24,27.116,24.222,51.338,60.097,-8.759,6.593,2.92,0.036,-0.79,1.42,-0.11
26-May-24,25.619,22.612,48.231,56.432,-8.201,4.258,4.526,0,-0.583,1.99,-0.12
27-May-24,24.597,22.612,47.209,59.131,-11.922,4.814,7.808,0,-0.7,1.78,-0.12
28-May-24,24.917,23.698,48.615,60.09,-11.475,5.894,5.454,0,0.127,1.42,0.02
29-May-24,26.286,22.566,48.852,61.95,-13.098,5.684,5.297,0,2.117,1.42,0.3
30-May-24,24.203,23.239,47.442,59.975,-12.533,5.825,6.13,0,0.578,1.42,0.08
31-May-24,23.182,21.793,44.975,60.658,-15.683,6.536,8.119,0.277,0.751,1.99,0.15
01-Jun-24,23.802,20.376,44.178,58.189,-14.011,6.708,7.717,0.105,-0.519,1.99,-0.1
02-Jun-24,23.921,19.762,43.683,53.936,-10.253,7.364,2.978,0,-0.089,2.2,-0.02
03-Jun-24,25.278,19.424,44.702,57.135,-12.433,8.994,3.69,0,-0.251,1.42,-0.04
04-Jun-24,27.925,22.164,50.089,58.379,-8.29,7.781,0.884,0,-0.375,1.42,-0.05
05-Jun-24,26.351,20.097,46.448,54.679,-8.231,7.31,2.925,0,-2.004,1.07,-0.21
06-Jun-24,24.65,20.115,44.765,53.466,-8.701,7.571,2.971,0.04,-1.881,1.07,-0.2
07-Jun-24,23.296,19.42,42.716,58.012,-15.296,5.891,7.446,0.116,1.843,1.42,0.26
08-Jun-24,22.503,19.818,42.321,58.602,-16.281,10.459,6.095,0,-0.273,1.99,-0.05
09-Jun-24,20.341,19.065,39.406,54.456,-15.05,7.884,7.005,0,0.161,1.99,0.03
10-Jun-24,20.631,18.875,39.506,57.565,-18.059,11.35,5.793,0.117,0.799,1.07,0.09
11-Jun-24,23.052,18.729,41.781,59.182,-17.401,11.528,5.233,0.176,0.464,0.71,0.03
12-Jun-24,23.801,18.706,42.507,59.905,-17.398,10.021,6.617,0.231,0.529,1.42,0.08
13-Jun-24,25.378,19.182,44.56,61.376,-16.816,10.408,6.465,0,-0.057,1.42,-0.01
14-Jun-24,28.009,19.868,47.877,62.116,-14.239,10.845,3.416,0.118,-0.14,1.78,-0.02
15-Jun-24,26.821,20.061,46.882,62.004,-15.122,8.478,6.527,0.604,-0.487,2.41,-0.12
16-Jun-24,25.532,19.413,44.945,58.212,-13.267,5.034,7.251,0.894,0.088,1.99,0.02
17-Jun-24,26.102,21.717,47.819,61.093,-13.274,6.81,5.776,1.317,-0.629,1.78,-0.11
18-Jun-24,28.266,23.733,51.999,60.596,-8.597,4.263,4.918,0.403,-0.987,1.07,-0.11
19-Jun-24,28.826,22.543,51.369,58.065,-6.696,3.807,3.99,0.093,-1.194,0.71,-0.08
20-Jun-24,28.269,19.904,48.173,54.359,-6.186,3.793,2.316,0.529,-0.452,1.42,-0.06
21-Jun-24,25.603,20.887,46.49,57.489,-10.999,2.923,6.593,0.895,0.588,1.42,0.08
22-Jun-24,24.962,20.656,45.618,58.437,-12.819,2.362,9.024,0.323,1.11,1.99,0.22
23-Jun-24,26.391,19.877,46.268,54.677,-8.409,2.452,5.493,0.228,0.236,1.99,0.05
24-Jun-24,27.187,20.501,47.688,56.289,-8.601,5.922,2.774,0.464,-0.559,1.99,-0.11
25-Jun-24,28.408,21.295,49.703,58.134,-8.431,4.663,3.486,0.555,-0.273,1.99,-0.05
26-Jun-24,27.592,20.79,48.382,56.627,-8.245,4.185,3.202,0.681,0.177,1.42,0.03
27-Jun-24,28.879,19.637,48.516,52.899,-4.383,4.462,1.522,0.25,-1.851,1.78,-0.33
28-Jun-24,29.773,19.986,49.759,54.298,-4.539,2.516,2.16,0.027,-0.164,1.78,-0.03
29-Jun-24,29.035,19.744,48.779,54.896,-6.117,1.582,4.938,0,-0.403,1.78,-0.07
30-Jun-24,25.523,19.104,44.627,51.37,-6.743,1.856,5.186,0,-0.299,1.99,-0.06
01-Jul-24,21.211,17.89,39.101,51.558,-12.457,11.661,0.845,0.178,-0.227,1.42,-0.03
02-Jul-24,23.739,17.555,41.294,51.618,-10.324,10.768,0.306,0,-0.75,1.78,-0.13
03-Jul-24,23.441,17.706,41.147,46.07,-4.923,8.524,-2.281,0.051,-1.371,1.99,-0.27
04-Jul-24,22.178,17.576,39.754,48.754,-9,7.733,1.264,0.198,-0.195,1.99,-0.04
05-Jul-24,24.558,19.681,44.239,49.173,-4.934,1.793,3.34,0,-0.199,1.99,-0.04
06-Jul-24,21.483,18.58,40.063,46.84,-6.777,1.939,4.98,0,-0.142,1.07,-0.02
07-Jul-24,18.782,20.228,39.01,39.203,-0.193,1.087,0.409,0,-1.303,1.99,-0.26
08-Jul-24,18.776,20.524,39.3,39.042,0.258,-0.38,0.484,0,-0.362,1.78,-0.06
09-Jul-24,21.016,21.113,42.129,46.308,-4.179,-0.81,3.254,0.773,0.962,1.99,0.19
10-Jul-24,20.505,23.284,43.789,51.049,-7.26,0.285,4.906,1.05,1.019,1.78,0.18
11-Jul-24,22.054,23.893,45.947,52.652,-6.705,0.936,5.072,0.495,0.202,1.78,0.04
12-Jul-24,23.306,24.372,47.678,51.581,-3.903,1.088,2.492,0,0.323,1.42,0.05
13-Jul-24,22.922,24.008,46.93,51.217,-4.287,1.319,3.302,0.05,-0.384,1.42,-0.05
14-Jul-24,20.597,22.665,43.262,49.179,-5.917,2.099,4.197,0,-0.379,1.99,-0.08
15-Jul-24,21.63,22.954,44.584,52.242,-7.658,3.124,2.726,0.465,1.343,1.78,0.24
16-Jul-24,21.68,23.04,44.72,54.892,-10.172,1.861,6.981,0.749,0.581,1.78,0.1
17-Jul-24,24.609,23.25,47.859,52.849,-4.99,2.674,1.786,0.849,-0.319,1.99,-0.06
18-Jul-24,23.492,23.168,46.66,53.268,-6.608,4.062,1.279,0.682,0.585,1.78,0.1
19-Jul-24,25.74,23.883,49.623,54.97,-5.347,0.037,3.851,0.713,0.746,1.78,0.13
20-Jul-24,25.332,24.54,49.872,54.501,-4.629,1.658,1.988,0.671,0.312,2.2,0.07
21-Jul-24,22.259,23.328,45.587,50.143,-4.556,2.255,2.008,0.795,-0.502,1.78,-0.09
22-Jul-24,20.52,23.746,44.266,50.181,-5.915,1.93,3.781,0.339,-0.135,1.99,-0.03
23-Jul-24,23.682,24.182,47.864,52.401,-4.537,1.689,1.964,0.514,0.37,1.42,0.05
24-Jul-24,24.606,23.22,47.826,52.589,-4.763,1.136,3.944,0.013,-0.33,1.78,-0.06
25-Jul-24,25.753,22.973,48.726,53.323,-4.597,1.85,2.098,0.127,0.522,1.78,0.09
26-Jul-24,20.039,22.81,42.849,52.949,-10.1,1.708,6.945,0.817,0.63,1.42,0.09
27-Jul-24,12.863,21.997,34.86,52.391,-17.531,2.533,12.028,1.656,1.314,1.99,0.26
28-Jul-24,21.718,21.814,43.532,50.726,-7.194,3.164,3.326,0.128,0.576,1.78,0.1
29-Jul-24,28.625,24.229,52.854,52.864,-0.01,1.391,-1.732,0.1,0.251,2.2,0.06
30-Jul-24,27.299,23.707,51.006,54.936,-3.93,-0.477,2.922,0.551,0.934,2.2,0.21
31-Jul-24,0,0,0,0,0,0,0,0,0,0,0
05-Aug-24,18.784,22.546,41.33,49.792,-8.462,1.007,6.028,0.473,0.954,1.78,0.17
06-Aug-24,20.128,21.864,41.992,51.595,-9.603,1.132,8.04,0,0.431,1.78,0.08
07-Aug-24,18.514,22.098,40.612,47.616,-7.004,2.525,4.665,0.019,-0.205,1.42,-0.03
08-Aug-24,19.185,21.459,40.644,49.18,-8.536,2.152,6.672,0,-0.288,1.78,-0.05
09-Aug-24,21.896,20.873,42.769,49.639,-6.87,2.517,4.137,0,0.216,1.42,0.03
10-Aug-24,24.843,21.142,45.985,49.943,-3.958,2.809,2.129,0,-0.98,1.42,-0.14
11-Aug-24,19.424,19.664,39.088,44.368,-5.28,0.422,4.867,0,-0.009,0.36,0
12-Aug-24,18.801,21.877,40.678,46.964,-6.286,1.094,5.453,0,-0.261,1.99,-0.05
13-Aug-24,0,0,0,0,0,0,0,0,0,0,0
14-Aug-24,0,0,0,0,0,0,0,0,0,0,0
15-Aug-24,0,0,0,0,0,0,0,0,0,0,0
16-Aug-24,0,0,0,0,0,0,0,0,0,0,0
17-Aug-24,0,0,0,0,0,0,0,0,0,0,0
18-Aug-24,0,0,0,0,0,0,0,0,0,0,0
19-Aug-24,0,0,0,0,0,0,0,0,0,0,0
20-Aug-24,0,0,0,0,0,0,0,0,0,0,0
21-Aug-24,0,0,0,0,0,0,0,0,0,0,0
22-Aug-24,0,0,0,0,0,0,0,0,0,0,0
23-Aug-24,0,0,0,0,0,0,0,0,0,0,0
24-Aug-24,0,0,0,0,0,0,0,0,0,0,0
25-Aug-24,0,0,0,0,0,0,0,0,0,0,0
26-Aug-24,0,0,0,0,0,0,0,0,0,0,0
27-Aug-24,0,0,0,0,0,0,0,0,0,0,0
28-Aug-24,0,0,0,0,0,0,0,0,0,0,0
29-Aug-24,0,0,0,0,0,0,0,0,0,0,0
30-Aug-24,0,0,0,0,0,0,0,0,0,0,0
31-Aug-24,0,0,0,0,0,0,0,0,0,0,0
01-Sep-24,23.556,15.986,39.542,49.663,-10.121,2.084,8.347,0,-0.31,1.42,-0.04
02-Sep-24,22.044,19.786,41.83,51.213,-9.383,3.5,5.445,0.108,0.33,1.78,0.06
03-Sep-24,21.346,22.522,43.868,52.074,-8.206,2.788,5.928,0,-0.51,1.99,-0.1
04-Sep-24,18.738,22.864,41.602,48.654,-7.052,1.883,5.976,0,-0.807,1.07,-0.09
05-Sep-24,22.837,20.658,43.495,48.343,-4.848,1.438,4.503,0,-1.093,1.42,-0.16
06-Sep-24,24.495,21.717,46.212,49.263,-3.051,0.39,3.202,0,-0.541,1.42,-0.08
07-Sep-24,24.334,20.913,45.247,48.797,-3.55,1.274,3.504,0,-1.228,1.07,-0.13
08-Sep-24,24.852,19.457,44.309,46.235,-1.926,0.106,2.415,0,-0.595,0.71,-0.04
09-Sep-24,24.853,22.042,46.895,50.844,-3.949,0.508,3.732,0,-0.291,1.42,-0.04
10-Sep-24,24.423,20.19,44.613,50.872,-6.259,0.48,5.846,0,-0.067,1.07,-0.01
11-Sep-24,24.228,21.287,45.515,51.2,-5.685,1.275,4.336,0,0.074,1.42,0.01
12-Sep-24,24.138,20.213,44.351,45.251,-0.9,0.499,1.886,0,-1.485,1.42,-0.21
13-Sep-24,21.483,19.672,41.155,37.066,4.089,0.519,-2.178,0,-2.43,1.78,-0.43
14-Sep-24,16.22,19.343,35.563,39.909,-4.346,-2.425,7.152,0,-0.381,1.42,-0.05
15-Sep-24,21.783,18.528,40.311,39.334,0.977,-2.501,3.158,0,-1.634,1.07,-0.17
16-Sep-24,24.657,18.957,43.614,45.015,-1.401,-1.154,2.61,0,-0.055,1.78,-0.01
17-Sep-24,24.29,19.297,43.587,43.383,0.204,-4.607,4.147,0,0.256,1.78,0.05
18-Sep-24,23.807,19.842,43.649,44.997,-1.348,-1.487,2.925,0,-0.09,2.61,-0.02
19-Sep-24,23.643,20.378,44.021,44.753,-0.732,0.935,0.514,0.095,-0.812,1.78,-0.14
20-Sep-24,0,0,0,0,0,0,0,0,0,0,0
21-Sep-24,0,0,0,0,0,0,0,0,0,0,0
22-Sep-24,0,0,0,0,0,0,0,0,0,0,0
23-Sep-24,0,0,0,0,0,0,0,0,0,0,0
24-Sep-24,0,0,0,0,0,0,0,0,0,0,0
25-Sep-24,0,0,0,0,0,0,0,0,0,0,0
26-Sep-24,0,0,0,0,0,0,0,0,0,0,0
27-Sep-24,0,0,0,0,0,0,0,0,0,0,0
28-Sep-24,0,0,0,0,0,0,0,0,0,0,0
29-Sep-24,0,0,0,0,0,0,0,0,0,0,0
30-Sep-24,0,0,0,0,0,0,0,0,0,0,0
01-Oct-24,20.346,19.711,40.057,46.182,-6.125,0.766,5.596,0.015,-0.252,1.99,-0.05
02-Oct-24,19.886,19.361,39.247,40.317,-1.07,-1.335,2.185,0,0.22,1.07,0.02
03-Oct-24,19.421,19.054,38.475,45.606,-7.131,-0.753,8.09,0,-0.206,1.42,-0.03
04-Oct-24,18.705,19.082,37.787,47.4,-9.613,2.398,7.28,0,-0.065,1.42,-0.01
05-Oct-24,17.924,18.86,36.784,47.838,-11.054,3.081,7.819,0,0.154,1.78,0.03
06-Oct-24,17.245,17.714,34.959,44.163,-9.204,1.834,7.429,0,-0.059,1.99,-0.01
07-Oct-24,15.461,18.135,33.596,47.079,-13.483,3.474,9.414,0.1,0.495,1.78,0.09
08-Oct-24,15.983,17.448,33.431,47.876,-14.445,6.15,8.507,0,-0.212,2.2,-0.05
09-Oct-24,15.326,17.438,32.764,47.504,-14.74,6.815,8.016,0,-0.091,1.07,-0.01
10-Oct-24,14.242,17.556,31.798,47.051,-15.253,7.205,8.488,0,-0.44,1.42,-0.06
11-Oct-24,13.375,17.27,30.645,45.714,-15.069,8.598,7.025,0,-0.554,1.78,-0.1
12-Oct-24,12.678,14.14,26.818,39.428,-12.61,6.153,7.588,0,-1.131,1.42,-0.16
13-Oct-24,11.567,12.763,24.33,38.208,-13.878,8.282,6.983,0,-1.387,1.78,-0.25
14-Oct-24,11.178,15.556,26.734,43.336,-16.602,9.533,7.524,0,-0.455,1.42,-0.06
15-Oct-24,11.6,15.564,27.164,44.342,-17.178,11.187,6.293,0,-0.302,2.2,-0.07
16-Oct-24,11.268,19.03,30.298,44.579,-14.281,4.911,8.378,0,0.992,1.78,0.18
17-Oct-24,10.53,18.805,29.335,44.039,-14.704,8.888,6.66,0,-0.844,1.99,-0.17
18-Oct-24,9.881,17.905,27.786,44.365,-16.579,7.913,8.475,0.087,0.104,1.42,0.01
19-Oct-24,10.541,17.304,27.845,44.919,-17.074,10.114,5.739,0,1.221,1.99,0.24
20-Oct-24,10.183,17.46,27.643,42.125,-14.482,7.293,6.682,0,0.507,1.42,0.07
21-Oct-24,10.521,18.329,28.85,41.304,-12.454,10.068,3.458,0,-1.072,2.2,-0.24
22-Oct-24,11.218,18.191,29.409,43.28,-13.871,9.366,4.966,0,-0.461,1.78,-0.08
23-Oct-24,10.917,17.49,28.407,43.484,-15.077,10.377,5.257,0,-0.557,1.42,-0.08
24-Oct-24,11.16,18.278,29.438,44.349,-14.911,10.236,5.158,0,-0.483,1.42,-0.07
25-Oct-24,10.634,17.449,28.083,43.956,-15.873,9.882,5.78,0,0.211,1.42,0.03
26-Oct-24,10.295,17.545,27.84,44.339,-16.499,11.206,5.596,0,-0.303,1.42,-0.04
27-Oct-24,10.274,17.989,28.263,42.101,-13.838,7.841,5.658,0,0.339,1.99,0.07
28-Oct-24,10.611,18.417,29.028,43.999,-14.971,9.45,6.112,0,-0.591,2.41,-0.14
29-Oct-24,11.195,18.374,29.569,43.704,-14.135,10.364,4.776,0,-1.005,1.99,-0.2
30-Oct-24,11.082,18.335,29.417,40.111,-10.694,8.096,4.049,0,-1.451,1.99,-0.29
31-Oct-24,10.886,15.396,26.282,32.072,-5.79,0.043,6.254,0,-0.507,1.78,-0.09
01-Nov-24,11.151,15.754,26.905,29.194,-2.289,-2.68,6.53,0,-1.561,1.07,-0.17
02-Nov-24,11.237,15.396,26.633,30.797,-4.164,-1.584,6.937,0,-1.189,1.07,-0.13
03-Nov-24,10.347,17.008,27.355,31.23,-3.875,-1.327,6.642,0,-1.44,1.99,-0.29
04-Nov-24,10.524,17.171,27.695,35.198,-7.503,4.327,4.595,0,-1.419,1.78,-0.25
05-Nov-24,10.816,17.875,28.691,39.203,-10.512,1.934,8.767,0,-0.189,1.99,-0.04
06-Nov-24,10.992,17.757,28.749,39.749,-11,4.305,7.403,0,-0.708,1.78,-0.13
07-Nov-24,10.619,17.291,27.91,41.028,-13.118,5.444,7.122,0,0.552,1.42,0.08
08-Nov-24,9.657,17.995,27.652,40.955,-13.303,5.113,7.993,0,0.197,2.2,0.04
09-Nov-24,9.419,17.339,26.758,41.312,-14.554,6.87,7.845,0.058,-0.219,1.99,-0.04
10-Nov-24,9.366,17.215,26.581,38.107,-11.526,5.41,6.757,0,-0.641,1.99,-0.13
11-Nov-24,8.772,16.906,25.678,40.089,-14.411,7.136,7.924,0.107,-0.756,2.2,-0.17
12-Nov-24,8.468,18.186,26.654,41.376,-14.722,7.844,7.753,0,-0.875,2.2,-0.19
13-Nov-24,8.098,17.821,25.919,41.036,-15.117,7.536,8.104,0,-0.523,1.42,-0.07
14-Nov-24,7.677,17.586,25.263,40.077,-14.814,9.328,6.623,0,-1.137,2.2,-0.25
15-Nov-24,7.759,16.991,24.75,39.74,-14.99,8.088,7.229,0,-0.327,2.2,-0.07
16-Nov-24,7.299,17.461,24.76,39.525,-14.765,8.45,7.005,0,-0.69,1.99,-0.14
17-Nov-24,7.714,16.95,24.664,36.545,-11.881,5.317,7.035,0,-0.471,1.78,-0.08
18-Nov-24,6.622,16.679,23.301,38.818,-15.517,8.913,7.972,0,-1.368,1.42,-0.19
19-Nov-24,7.541,15.961,23.502,40.017,-16.515,8.7,8.007,0,-0.192,1.42,-0.03
20-Nov-24,8.09,16.828,24.918,40.314,-15.396,9.416,6.991,0,-1.011,1.42,-0.14
21-Nov-24,8.316,16.469,24.785,40.119,-15.334,9.138,6.864,0,-0.668,1.99,-0.13
22-Nov-24,8.355,16.653,25.008,41.103,-16.095,9.124,7.235,0,-0.264,1.78,-0.05
23-Nov-24,8.076,16.726,24.802,40.75,-15.948,9.805,6.352,0,-0.209,1.99,-0.04
24-Nov-24,8.285,16.708,24.993,37.826,-12.833,5.728,7.243,0,-0.138,1.78,-0.02
25-Nov-24,8.306,16.004,24.31,39.729,-15.419,7.612,7.97,0,-0.163,1.99,-0.03
26-Nov-24,8.176,16.286,24.462,40.493,-16.031,9.208,7.399,0,-0.576,2.2,-0.13
27-Nov-24,8.219,16.393,24.612,41.101,-16.489,8.818,8.001,0,-0.33,2.2,-0.07
28-Nov-24,8.334,16.47,24.804,40.649,-15.845,9.575,7.648,0,-1.378,1.78,-0.25
29-Nov-24,8.164,16.684,24.848,40.596,-15.748,8.999,7.767,0.053,-1.071,1.99,-0.21
30-Nov-24,0,0,0,0,0,0,0,0,0,0,0
01-Dec-24,8.59,17.949,26.539,36.662,-10.123,-0.296,11.877,0,-1.458,1.42,-0.21
02-Dec-24,8.711,17.234,25.945,38.853,-12.908,2.109,12.24,0,-1.441,1.42,-0.2
03-Dec-24,10.101,17.018,27.119,40.47,-13.351,2.388,11.793,0,-0.83,1.07,-0.09
04-Dec-24,10.239,16.906,27.145,40.635,-13.49,1.826,12.427,0,-0.763,1.78,-0.14
05-Dec-24,11.218,15.995,27.213,41.916,-14.703,1.053,12.929,0,0.721,1.99,0.14
06-Dec-24,10.577,16.663,27.24,43.027,-15.787,1.546,14.012,0.087,0.142,1.99,0.03
07-Dec-24,11.054,16.162,27.216,42.364,-15.148,3.614,12.642,0,-1.108,1.42,-0.16
08-Dec-24,10.997,16.603,27.6,39.605,-12.005,1.712,10.842,0,-0.549,1.78,-0.1
09-Dec-24,10.774,16.636,27.41,41.839,-14.429,3.368,12,0,-0.939,1.78,-0.17
10-Dec-24,11.19,16.857,28.047,44.153,-16.106,3.636,12.581,0,-0.111,1.78,-0.02
11-Dec-24,10.85,17.382,28.232,44.557,-16.325,3.979,12.718,0,-0.372,1.78,-0.07
12-Dec-24,11.019,17.786,28.805,44.394,-15.589,4.359,11.94,0,-0.71,1.42,-0.1
13-Dec-24,10.708,17.865,28.573,45.025,-16.452,4.142,12.801,0,-0.491,1.78,-0.09
14-Dec-24,10.548,17.268,27.816,44.527,-16.711,3.569,13.308,0.081,-0.247,1.99,-0.05
15-Dec-24,10.574,17.773,28.347,40.841,-12.494,1.075,11.811,0,-0.392,1.78,-0.07
16-Dec-24,10.452,18.16,28.612,43.334,-14.722,1.368,13.071,0.063,0.22,2.41,0.05
17-Dec-24,10.203,17.971,28.174,44.91,-16.736,3.973,13.167,0,-0.404,1.78,-0.07
18-Dec-24,9.99,18.076,28.066,44.722,-16.656,3.233,13.865,0,-0.442,1.99,-0.09
19-Dec-24,9.786,18.3,28.086,45.162,-17.076,3.499,13.6,0,-0.023,1.78,0
20-Dec-24,10.185,18.222,28.407,45.354,-16.947,4.399,13.09,0,-0.542,1.78,-0.1
21-Dec-24,9.507,18.531,28.038,44.411,-16.373,4.34,12.111,0,-0.078,1.99,-0.02
22-Dec-24,9.478,18.487,27.965,41.543,-13.578,2.641,10.445,0,0.492,2.2,0.11
23-Dec-24,9.63,18.456,28.086,46.181,-18.095,4.097,12.946,0.029,1.023,1.99,0.2
24-Dec-24,9.807,18.177,27.984,45.254,-17.27,4.177,13.597,0.1,-0.604,1.78,-0.11
25-Dec-24,9.899,18.261,28.16,44.254,-16.094,4.237,12.179,0,-0.322,1.78,-0.06
26-Dec-24,10.029,18.513,28.542,44.196,-15.654,4.647,11.69,0,-0.683,1.99,-0.14
27-Dec-24,9.701,18.736,28.437,46.088,-17.651,5.663,13.058,0,-1.07,1.07,-0.11
28-Dec-24,8.838,18.088,26.926,41.236,-14.31,5.559,10.509,0,-1.758,1.78,-0.31
29-Dec-24,10.29,18.358,28.648,41.239,-12.591,0.789,12.545,0,-0.743,1.42,-0.11
30-Dec-24,8.673,18.266,26.939,44.051,-17.112,2.282,14.76,0,0.07,1.42,0.01
31-Dec-24,7.754,18.405,26.159,44.546,-18.387,5.952,13.141,0,-0.706,1.42,-0.1
